Name,Damage per shot,Damage per second,Rate of fire,Critical chance multiplier,Critical hit Damage,Action point cost,Damage per Action Point,Weapon Spread,Ammunition used,Magazine capacity (shots per reload),Weapon durability in shot until broken,Weapon weight,Weapon value in caps,Value to weight ratio,Skill required,Strength required
Alien blaster,75,131.3,1.8,100.0,50,20,3.75,0.0,Alien PC,10,2495,2,4000,2000.0,75,1
Euclid's C-Finder,0+150,20.6,0.2,50.0,0,50,3.0,0.5,ARCHIMEDES II charge,1,3995,15,1,0.07,0,1
Flare gun,10+1/10s,3.4,1.8,1.5,10,30,0.67,0.5,Flamer fuel,10,245,2,500,250.0,0,3
Laser pistol(GRA),12,45.0,3.75,1.5,12,15,0.8,0.1,SEC,30,995,3,175,58.3,0,1
Compliance Regulator,8,30.0,3.75,1.5,12,15,0.53,0.1,SEC,30,995,3,175,58.3,0,1
Missing laser pistol,11,41.3,3.8,1.5,11,15,0.73,0.1,SEC,30,995,3,175,58.3,0,1
Pew Pew,75,150.0,2.0,2.5,50,35,2.14,0.1,SEC,10(2),395,3,2498,832.6,0,1
Plasma Defender(GRA),38,95.0,2.5,1.0,38,20,1.9,0.3,SEC,32(16),495,2,3000,1500.0,50,2
Plasma pistol(GRA),33,57.8,1.75,1.5,33,30,1.1,0.5,SEC,32(16),745,3,200,66.6,0,2
Pulse gun,5+250/+110,5.17,1.0,1.0,5,20,0.25,0.1,SEC,25(5),495,2,1800,900.0,25,2
Recharger pistol,18,90.0,5.0,1.2,18,13,1.38,0.1,MF breeder,20,1495,7,2700,385.7,50,2
MF Hyperbreeder Alpha,25,175.0,7.0,2.0,25,20,1.25,1.0,MF breeder,10,3995,7,8900,1271.4,50,2
Sonic emitter - Gabriel's bark ,55+20,56.9,1.03,1.0,25,30,1.83,0.1,SEC,24(12),495,2,3500,1750.0,50,2
Sonic emitter - opera singer ,55+20,56.9,1.03,1.0,25,30,1.83,0.1,SEC,24,495,2,3500,1750.0,50,2
Sonic emitter - revelation ,31+20,32.1,1.03,1.0,18,30,1.03,0.1,SEC,24,495,2,3500,1750.0,50,2
Sonic emitter - robo-scorpion ,65+20,67.2,1.03,1.0,30,30,2.16,0.1,SEC,24(8),495,2,3500,1750.0,75,2
Sonic emitter - tarantula ,60+20,62.1,1.03,1.0,30,30,2.0,0.1,SEC,24(8),495,2,3500,1750.0,75,2
