Name,Damage per shot,Damage per second,Rate of fire,Critical chance multiplier,Critical hit Damage,Action point cost,Damage per Action Point,Weapon Spread,Ammunition used,Magazine capacity (shots per reload),Weapon durability in shot until broken,Weapon weight,Weapon value in caps,Value to weight ratio,Skill required,Strength required
Arc welder,9+8+4,72.0,8.0,0.36,1,30,0.9,0.5,ECP,30,1245,15,3700,247,75,7
Flamer,26,130.0,8.0,0.42,1,50,1.6,0.5,Flamer fuel,60,995,15,2350,157,50,7
Cleansing Flame,75,115.0,7.0,1.0,1,55,4.1,1.5,Flamer fuel,100,1495,22,9500,432,50,7
Gatling laser,10,300.0,30.0,0.02,10,30,4.0,0.6,ECP,240,7495,18,6800,378,100,8
Sprtel-Wood 9700,16,320.0,20.0,0.04,16,30,4.3,0.5,ECP,90,4995,15,20000,1333,100,6
Heavy incinerator,75,148.0,4.0,0.83,5,50,1.5,0.5,Flamer fuel,24,995,15,7200,480,100,8
Incinerator,53,46.0,2.0,1.67,1,50,1.1,0.1,Flamer fuel,30,995,12,1300,108,25,6
Plasma caster,65,195.0,3.0,1.0,65,25,2.6,0.7,MFC,10,395,20,7000,350,100,8
The Smitty Special,35,245.0,7.0,0.1,35,30,3.5,1.3,MFC,20,1095,20,20000,1000,100,8
Tesla cannon,120,127.4,1.34,2.0,40,37,3.2,0.1,ECP,20(4),395,8,8700,1088,100,8
Elijah's jury-rigged Tesla cannon,125,154.2,1.58,2.0,45,37,3.4,0.0,ECP,30(6),245,8,13500,1688,100,8
Tesla-Beaton prototype,140,145.8,1.34,2.0,45,37,3.8,0.08,ECP,24(4),195,8,12525,1566,100,8
