Name,Damage per shot,Damage per second,Rate of fire,Critical chance multiplier,Critical hit Damage,Action point cost,Damage per Action Point,Weapon Spread,Ammunition used,Magazine capacity (shots per reload),Weapon durability in shot until broken,Weapon weight,Weapon value in caps,Value to weight ratio,Skill required,Strength required
Gauss rifle,120,45.0,3.0,2.0,60,40,3.0,0.03,MFC,1,395,7.0,3000,429,75,5
YCS/186 ,140,52.5,3.0,2.0,70,40,3.5,0.0275,MFC,1,495,8.0,3000,375,75,5
Holorifle,80,88.9,1.11,1.0,80,30,2.67,0.4,MFC,4,495,8.0,3000,375,50,4
LAER,65,162.5,2.5,1.5,15,32,2.0,0.08,MFC,20,370,4.0,8000,2000,75,4
Elijah's advanced LAER,65,178.8,2.75,1.5,15,32,2.0,0.08,MFC,15,245,4.0,8500,2125,75,4
Laser RCW,15,135.0,9.0,0.05,15,20,2.25,0.08,ECP,60,1995,4.0,2150,537,50,4
Laser rifle,22,67.8,3.08,1.5,22,18,1.22,0.025,MFC,24,620,8.0,800,100,25,3
AER14 prototype,35,105.0,3.0,2.0,35,20,1.75,0.0225,MFC,12,495,8.5,2200,259,25,3
Van Graff laser rifle,15,46.2,3.08,1.5,15,18,0.83,0.025,MFC,24,270,8.0,800,100,0,3
Multiplas rifle,105,105.0,1.0,1.0,34,35,3.0,1.5,MFC,10,245,7.0,2500,357,50,4
Plasma rifle,47,65.8,1.4,2.0,47,30,1.57,0.2,MFC,12,370,8.0,1300,163,25,3
Van Graff plasma rifle,32,44.8,1.4,2.0,32,30,1.06,0.2,MFC,12,370,8.0,1300,163,0,3
Q-35 matter modulator,40,96.0,2.4,2.0,62,28,1.43,0.2,MFC,12,1245,7.0,3000,429,25,2
Recharger rifle,12,51.1,4.3,1.5,12,19,0.63,0.02,MF breeder,7,370,15.0,250,17,0,5
Tri-beam laser rifle(GRA),66,180.0,2.73,1.5,22,23,2.87,0.5,MFC,8,245,9.0,4800,533,75,4
