Name,Damage per shot,AOE,Action point cost,Damage per Action Point,Weapon weight,Weapon value in caps,Value to weight ratio,Skill required,Strength required
Bottlecap mine,201,256,35,5.74,0.5,150,300.0,0,1
C-4 plastic explosive,251,512,24,10.45,0.5,1000,2000.0,50,1
Demolition charge,102,192,38,2.68,1.5,75,50.0,0,1
Fat mine,455,1400,35,13.0,3.25,275,84.62,50,3
Frag mine,101,192,35,2.88,0.5,75,150.0,25,1
Gas bomb,81,600,24,5.2,5.0,100,20.0,50,1
MFC cluster ,451,600,35,12.9,0.5,110,220.0,50,2
Plasma mine,151,192,35,4.31,0.5,300,600.0,75,2
Powder charge,76,192,35,2.17,0.5,25,50.0,0,1
Pulse mine,101+200+80,450,35,0.31,0.5,40,80.0,50,2
Satchel charge,251,384,35,7.17,0.75,125,166.66,50,4
Time bomb,151,1024,24,6.29,0.5,750,1500.0,50,1
Time bomb/comma high yield,401,1536,24,16.71,0.5,750,1500.0,50,1
