Name,Damage per shot,AOE,Damage per second,Rate of fire,Action point cost,Damage per Action Point,Weapon weight,Weapon value in caps,Value to weight ratio,Skill required,Strength required
Dynamite,76,750,30.0,0.4,24,3.17,0.3,25,83,0,1
Fire bomb,53,212,12.5,0.4,24,2.2,0.5,200,400,50,2
Flash bang,1,768,0.65,0.65,24,0.04,0.5,50,100,50,4
Frag grenade,126,900,82.2,0.65,24,5.3,0.5,150,300,25,2
Holy Frag Grenade,801,1500,522.4,0.65,24,33.4,0.5,500,1000,0,2
Incendiary grenade,141,450,39.3,0.65,24,5.87,0.5,200,400,50,2
Long-fuse dynamite,76,750,30.8,0.4,24,3.17,0.3,25,83,0,1
MFC grenade,76,600,49.6,0.65,35,2.17,0.5,15,30,25,2
Nuka-grenade,361,450,230.9,0.65,24,15.04,0.5,50,100,100,2
Plasma grenade,226,450,147.4,0.65,24,9.4,0.5,300,600,75,2
Pulse grenade ⁴,11+200+80,750,7.2,0.65,24,0.45,0.5,40,80,50,2
Tin grenade,101,768,65.8,0.65,35,2.89,0.5,25,50,0,2
