Name,Damage per shot,AOE,Damage per second,Rate of fire,Action point cost,Damage per Action Point,Weapon Spread,Ammunition used,Magazine capacity (shots per reload),Weapon durability in shot until broken,Weapon weight,Weapon value in caps,Value to weight ratio,Skill required,Strength required,Unnamed: 16
25mm grenade APW,52,550,130.0,2.5,25,2.1,0.7,25mm,6,745,8.0,4200,525,75,5,
Fat Man(GRA),1000,1700,275.2,1.58,65,15.4,0.5,Mini nuke,1,495,30.0,6000,200,100,8,
Esther,1075,1700,304.7,1.89,55,19.5,0.5,Mini nuke,1,620,40.0,18000,450,100,8,
Grenade machinegun,50,550,150.0,3.0,50,1.0,1.0,25mm,30,995,15.0,5200,347,100,8,
Mercy,105,750,325.5,3.1,50,2.1,1.0,40mm,18,2495,15.0,5200,347,100,8,
Grenade launcher,130,750,57.4,0.6,35,3.71,0.7,40mm,4,495,12.0,4200,350,75,5,
Grenade rifle,102,750,41.4,2.14,35,2.9,1.0,40mm,1,495,6.0,300,50,25,3,
Great Bear grenade rifle,115,750,46.6,2.14,32,3.6,0.5,40mm,1,1245,5.0,950,190,25,3,
Mercenary's grenade rifle,102,750,41.4,2.14,35,2.9,1.0,40mm,1,495,5.5,300,55,0,3,
Red Victory grenade rifle,102,750,44.1,3.21,29,3.5,0.5,40mm,1,620,4.0,950,238,25,3,
Thump-Thump,102,750,43.2,2.79,35,2.9,0.8,40mm,1,620,5.5,800,145,25,3,
Missile launcher,325,1000,70.1,1.58,55,5.9,0.3,Missile,1,245,20.0,3900,195,75,6,
Annabelle,350,1000,77.3,1.89,47,7.4,0.02,Missile,1,495,15.0,5200,347,75,5,
Red Glare ,60,500,240.0,4.0,25,2.4,0.5,Rocket,13,2245,20.0,15000,750,100,6,
