Pistol name,Damage per shot,Damage per second,Rate of fire,Critical chance multiplier,Critical hit Damage,Action point cost,Damage per Action Point,Weapon Spread,Ammunition used,Magazine capacity (shots per reload),Weapon durability in shot until broken,Weapon weight,Weapon value in caps,Value to weight ratio,Skill required,Strength required,Unnamed: 17
Caravan shotgun,45,144.6,3.21,1,6,20,2.25,2.2,20 gauge,2,695,3.0,675,225,25,3,
Sturdy caravan shotgun,50,160.7,3.21,1,7,27,1.85,4.0,20 gauge,2,1495,3.0,875,292,0,3,
Hunting shotgun,70,116.7,1.67,1,10,28,2.5,1.5,12 gauge,5,995,7.5,3800,507,75,5,
Dinner Bell,75,125.0,1.67,1,11,28,2.67,1.2,12 gauge,5,745,7.5,4800,640,75,5,
Lever-action shotgun,48,84.9,1.8,1,7,25,1.92,1.9,20 gauge,5,495,3.0,2000,667,50,4,
Riot shotgun,67,268.0,4.0,1,10,17,3.94,2.5,12 gauge,12,870,5.0,5500,1100,100,7,
Sawed-off shotgun¹,100,28.2,2.34,1,7,37,2.7,4.0,12 gauge,2(1),395,4.0,1950,488,50,4,
Big Boomer,120,34.2,2.58,1,9,35,3.43,3.5,12 gauge,2(1),395,4.0,2500,625,50,4,
Single shotgun,50,20.9,2.6,1,7,50,1.0,1.4,20 gauge,1,995,7.0,175,25,0,5,
