Name,Damage per shot,Damage per second,Rate of fire,Critical chance multiplier,Critical hit Damage,Action point cost,Damage per Action Point,Weapon Spread,Ammunition used,Magazine capacity (shots per reload),Weapon durability in shot until broken,Weapon weight,Weapon value in caps,Value to weight ratio,Skill required,Strength required
K9000 cyberdog gun¹,26,182,7,0.5,13,27,2.9,1.35,.357 Magnum,50,2495,27,7500,278,75,8
FIDO,36,252,7,0.5,18,28,3.9,1.5,.44 Magnum,50,2495,27,9500,352,85,9
Minigun,12,240,20,0.5,12,30,3.2,1.0,5mm,240,5995,25,5500,220,100,10
CZ57 Avenger,13,390,30,0.5,13,25,6.24,0.55,5mm,120,7995,18,8500,340,100,10
Shoulder mounted machine gun,30,210,7,0.0,20,30,3.0,0.9,10mm,60,3995,17,7500,442,75,7
