Name,Damage per shot,Damage per second,Rate of fire,Critical chance multiplier,Critical hit Damage,Action point cost,Damage per Action Point,Weapon Spread,Ammunition used,Magazine capacity (shots per reload),Weapon durability in shot until broken,Weapon weight,Weapon value in caps,Value to weight ratio,Skill required,Strength required
.45 Auto SMG,26,286,11,0.06,26,19,5.47,2.3,.45 Auto,30,2995,11,3750,341,75,6
9mm SMG,14,154,11,0.06,14,20,2.8,1.5,9mm,30,2745,4,850,213,25,3
Vance's 9mm SMG,17,221,13,0.05,17,20,4.25,1.5,9mm,60,3745,4,1500,375,25,3
10mm SMG,19,171,9,0.08,19,22,2.59,2.2,10mm,30,2495,5,2370,474,50,5
Sleepytyme,22,220,10,0.1,22,22,4.0,1.7,10mm,40,2495,5,8250,1650,50,5
12.7mm SMG(GRA),36,324,9,0.08,36,24,4.5,2.0,12.7mm,21,2495,5,5100,1020,100,6
H&H Tools nail gun,9,126,14,0.12,9,20,2.7,1.4,Nails,90,2745,4,5000,1250,75,2
Silenced .22 SMG,10,110,11,0.23,20,19,2.1,2.0,.22LR,180,4995,8,1850,231,50,2
