Unnamed: 0,Weapon name,Damage per shot,Damage per second,Rate of fire,Critical chance multiplier,Critical hit Damage,Action point cost,Damage per Action Point,Weapon Spread,Ammunition used,Magazine capacity (shots per reload),Weapon durability in shot until broken,Weapon weight,Weapon value in caps,Value to weight ratio,Skill required,Strength required,Form ID
0,Arcade Gannon's Ripper,50,50.0,1.0,x1,5,45,2.2,-,-,-,5995,6.0,100,16.7,75,3,00176E5D
1,Boone's scoped hunting rifle,52,41.1,0.8,x0.25,15,40,1.3,0.015,MCA,5,1495,6.0,2600,433.3,50,6,000CE549
2,Follows-Chalk's .45 Auto pistol,29,79.8,2.8,x1,29,17,1.7,0.8,MCA,7,745,1.5,100,66.6,25,3,xx00E8EF
3,Follows-Chalk's war club,24,83.0,3.5,x1,24,21,2.3,-,-,-,995,3.0,75,25.0,25,2,xx00E8EE
4,Joshua's Pistol Whippin' .45,20,46.2,2.3,x2,20,24,1.6,-,-,-,495,1.0,10,10.0,0,2,xx010E1F
5,Lily's assault carbine,18,216.0,12.0,x0.08,18,20,0.9,4.8,MCA,24,3745,6.0,3950,658.3,75,3,00174093
6,Lily's gauntlet,20,21.8,1.1,x1,20,28,1.4,-,-,-,2495,6.0,100,16.7,0,8,00105CF6
7,Lily's Vertibird blade,24,43.2,1.8,x1,24,38,1.3,-,-,-,4995,12.0,130,10.83,0,9,00105CF5
8,Mysterious Stranger's .44 Magnum,9000,16875.0,1.9,x100,9000,0,-,0,.44 Magnum round,6,4995,3.0,0,0.0,0,0,00050F92
9,Miss Fortune's Bad Luck Bringer,10,18.8,1.9,x1,10,0,-,0,.44 Magnum round,6,4995,3.0,0,0.0,0,0,0013568B
10,Mean super sledge,85,127.5,1.5,x1,40,38,4.5,-,-,-,3745,20.0,180,9.0,100,8,0013E540
11,Poisoned bladed gauntlet,25,39.0,1.6,x2,40,26,1.9,-,-,-,295,10.0,200,20.0,25,5,xx010E5E
12,Poisoned cleaver,7,17.8,2.5,x1,7,22,0.6,-,-,-,1245,2.0,2,1.0,0,2,xx00F91C
13,Poisoned fire axe,55,82.5,1.5,x1,27,22,5,-,-,-,995,8.0,2500,312.5,75,5,xx00F919
14,Poisoned machete,11,33.0,3.0,x1.5,11,20,1.1,-,-,-,245,2.0,50,25.0,25,3,xx00F91B
15,Poisoned throwing spear,35,21.0,0.6,x1,7,24,2.9,-,-,-,4995,0.5,25,50.0,25,1,xx00F91E
16,Waking Cloud's yao guai gauntlet,20,40.0,2.0,x2.5,30,22,1.8,-,-,-,2995,10.0,150,15.0,50,4,xx00E8F0
