Name,Damage per shot,Damage per second,Rate of fire,Critical chance multiplier,Critical hit Damage,Action point cost,Damage per Action Point,Weapon Spread,Ammunition used,Magazine capacity (shots per reload),Weapon durability in shot until broken,Weapon weight,Weapon value in caps,Value to weight ratio,Skill required,Strength required,Range,Silent
Gauss rifle,120,45,3,2,60,40,3,0.03,MFC,1,395,7,3000,429,75,5,Mid range,No
YCS/186 ,140,52.5,3,2,70,40,3.5,0.0275,MFC,1,495,8,3000,375,75,5,Mid range,No
Holorifle,80,88.9,1.11,1,80,30,2.67,0.4,MFC,4,495,8,3000,375,50,4,Mid range,No
LAER,65,162.5,2.5,1.5,15,32,2,0.08,MFC,20,370,4,8000,2000,75,4,Mid range,No
Elijah's advanced LAER,65,178.8,2.75,1.5,15,32,2,0.08,MFC,15,245,4,8500,2125,75,4,Mid range,No
Laser RCW,15,135,9,0.05,15,20,2.25,0.08,ECP,60,1995,4,2150,537,50,4,Mid range,No
Laser rifle,22,67.8,3.08,1.5,22,18,1.22,0.025,MFC,24,620,8,800,100,25,3,Mid range,No
AER14 prototype,35,105,3,2,35,20,1.75,0.0225,MFC,12,495,8.5,2200,259,25,3,Mid range,No
Van Graff laser rifle,15,46.2,3.08,1.5,15,18,0.83,0.025,MFC,24,270,8,800,100,0,3,Mid range,No
Multiplas rifle,105,105,1,1,34,35,3,1.5,MFC,10,245,7,2500,357,50,4,Mid range,No
Plasma rifle,47,65.8,1.4,2,47,30,1.57,0.2,MFC,12,370,8,1300,163,25,3,Mid range,No
Van Graff plasma rifle,32,44.8,1.4,2,32,30,1.06,0.2,MFC,12,370,8,1300,163,0,3,Mid range,No
Q-35 matter modulator,40,96,2.4,2,62,28,1.43,0.2,MFC,12,1245,7,3000,429,25,2,Mid range,No
Recharger rifle,12,51.1,4.3,1.5,12,19,0.63,0.02,MF breeder,7,370,15,250,17,0,5,Mid range,No
Tri-beam laser rifle(GRA),66,180,2.73,1.5,22,23,2.87,0.5,MFC,8,245,9,4800,533,75,4,Mid range,No
Holorifle (Modded),105,88.9,1.11,1,80,30,2.67,0.15,MFC,4,502,8,3000,375,50,4,Mid range,No
LAER (Modded),65,162.5,2.5,1.5,15,32,2,0.08,MFC,20,370,4,8000,2000,75,4,Mid range,No
Elijah's advanced LAER,65,178.8,2.75,1.5,15,32,2,0.08,MFC,15,245,4,8500,2125,75,4,Mid range,No
Laser RCW,15,135,9,0.05,15,20,2.25,0.08,ECP,60,1995,4,2150,537,50,4,Mid range,No
Laser rifle,22,67.8,3.08,1.5,22,18,1.22,0.025,MFC,24,620,8,800,100,25,3,Mid range,No
Plasma rifle,47,65.8,1.4,2,47,30,1.57,0.2,MFC,12,370,8,1300,163,25,3,Mid range,No
Tri-beam laser rifle(GRA),66,180,2.73,1.5,22,23,2.87,0.5,MFC,8,245,9,4800,533,75,4,Mid range,No
