Name,Damage per shot,Damage per second,Rate of fire,Critical chance multiplier,Critical hit Damage,Action point cost,Damage per Action Point,Weapon Spread,Ammunition used,Magazine capacity (shots per reload),Weapon durability in shot until broken,Weapon weight,Weapon value in caps,Value to weight ratio,Skill required,Strength required,Range,Silent
Arc welder,9,72,8,0.36,1,30,0.9,0.5,ECP,30,1245,15,3700,247,75,7,Mid range,No
Flamer,26,130,8,0.42,1,50,1.6,0.5,Flamer fuel,60,995,15,2350,157,50,7,Close range,No
Cleansing Flame,75,115,7,1,1,55,4.1,1.5,Flamer fuel,100,1495,22,9500,432,50,7,Close range,No
Gatling laser,10,300,30,0.02,10,30,4,0.6,ECP,240,7495,18,6800,378,100,8,Mid range,No
Sprtel-Wood 9700,16,320,20,0.04,16,30,4.3,0.5,ECP,90,4995,15,20000,1333,100,6,Mid range,No
Heavy incinerator,75,148,4,0.83,5,50,1.5,0.5,Flamer fuel,24,995,15,7200,480,100,8,Close range/commaMid range,No
Incinerator,53,46,2,1.67,1,50,1.1,0.1,Flamer fuel,30,995,12,1300,108,25,6,Close range/commaMid range,No
Plasma caster,65,195,3,1,65,25,2.6,0.7,MFC,10,395,20,7000,350,100,8,Mid range,No
The Smitty Special,35,245,7,0.1,35,30,3.5,1.3,MFC,20,1095,20,20000,1000,100,8,Mid range,No
Tesla cannon,120,127.4,1.34,2,40,37,3.2,0.1,ECP,4,395,8,8700,1088,100,8,Mid range/commaLong range,No
Elijah's jury-rigged Tesla cannon,125,154.2,1.58,2,45,37,3.4,0,ECP,6,245,8,13500,1688,100,8,Mid range/commaLong range,No
Tesla-Beaton prototype,140,145.8,1.34,2,45,37,3.8,0.08,ECP,4,195,8,12525,1566,100,8,Mid range/commaLong range,No
Flamer (Modded),26,130,8,0.42,1,50,1.6,0.5,Flamer fuel,120,995,15,3650,243.3,50,7,Close range,No
Gatling laser (Modded),13,390,30,0.02,10,30,5.2,0.6,ECP,240,7495,9,12000,1333.3,100,8,Mid range,No
Plasma caster (Modded),65,243.8,3.75,1,65,25,2.6,0.7,MFC,10,395,20,9500,475,100,8,Mid range,No
