Name,Damage per shot,Damage per second,Rate of fire,Critical chance multiplier,Critical hit Damage,Action point cost,Damage per Action Point,Weapon Spread,Ammunition used,Magazine capacity (shots per reload),Weapon durability in shot until broken,Weapon weight,Weapon value in caps,Value to weight ratio,Skill required,Strength required,Range,Silent, 
Alien blaster,75,131.3,1.8,100,50,20,3.75,0,Alien PC,10,2495,2,4000,2000,75,1,Close range/commaMid range,No,
Euclid's C-Finder,150,0,0,50,0,50,3,0.5,ARCHIMEDES II charge,1,3995,15,1,0.07,0,1,Mid range/commaLong range,No,
Flare gun,20,3.4,1.8,1.5,10,30,0.67,0.5,Flamer fuel,10,245,2,500,250,0,3,Mid range,No,
Laser pistol(GRA),12,45,3.75,1.5,12,15,0.8,0.1,SEC,30,995,3,175,58.3,0,1,Close range,No,
Compliance Regulator,8,30,3.75,1.5,12,15,0.53,0.1,SEC,30,995,3,175,58.3,0,1,Close range,No,
Missing laser pistol,11,41.3,3.8,1.5,11,15,0.73,0.1,SEC,30,995,3,175,58.3,0,1,Close range,No,
Pew Pew,75,150,2,2.5,50,35,2.14,0.1,SEC,2,395,3,2498,832.6,0,1,Close range,No,
Plasma Defender(GRA),38,95,2.5,1,38,20,1.9,0.3,SEC,16,495,2,3000,1500,50,2,Close range,No,
Plasma pistol(GRA),33,57.8,1.75,1.5,33,30,1.1,0.5,SEC,16,745,3,200,66.6,0,2,Close range,No,
Pulse gun,5,5.17,1,1,5,20,0.25,0.1,SEC,5,495,2,1800,900,25,2,Close range,No,
Recharger pistol,18,90,5,1.2,18,13,1.38,0.1,MF breeder,20,1495,7,2700,385.7,50,2,Close range,No,
MF Hyperbreeder Alpha,25,175,7,2,25,20,1.25,1,MF breeder,10,3995,7,8900,1271.4,50,2,Close range,No,
Sonic emitter - Gabriel's bark ,75,56.9,1.03,1,25,30,1.83,0.1,SEC,12,495,2,3500,1750,50,2,Close range,No,
Sonic emitter - opera singer ,75,56.9,1.03,1,25,30,1.83,0.1,SEC,24,495,2,3500,1750,50,2,Close range,No,
Sonic emitter - revelation ,51,32.1,1.03,1,18,30,1.03,0.1,SEC,24,495,2,3500,1750,50,2,Close range,No,
Sonic emitter - robo-scorpion ,85,67.2,1.03,1,30,30,2.16,0.1,SEC,8,495,2,3500,1750,75,2,Close range,No,
Sonic emitter - tarantula ,85,62.1,1.03,1,30,30,2,0.1,SEC,8,495,2,3500,1750,75,2,Close range,No,
Laser pistol(GRA) (Modded),15,56.3,3.75,1.5,12,15,0.8,0.1,SEC,40,995,3,775,258.3,0,1,Close range,No,
Plasma Defender(GRA) (Modded),38,95,2.5,1,38,20,1.9,0.1,SEC,32,495,2,7100,3550,50,2,Close range/commaMid range,No,
Plasma pistol(GRA) (Modded),40,57.8,1.75,1.5,33,30,1.1,0.5,SEC,21,745,3,1075,358.3,0,2,Close range/commaMid range,No,
Recharger pistol (Modded),18,90,5,1.2,18,13,1.38,0.1,MF breeder,26,1495,7,4600,657.1,50,2,Close range,No,
