Name,Damage per shot,AOE,Action point cost,Damage per Action Point,Weapon weight,Weapon value in caps,Value to weight ratio,Skill required,Strength required,Range ,Silent
Bottlecap mine,201,256,35,5.74,0.5,150,300,0,1,Traps,No
C-4 plastic explosive,251,512,24,10.45,0.5,1000,2000,50,1,Traps,No
Demolition charge,102,192,38,2.68,1.5,75,50,0,1,Traps,No
Fat mine,455,1400,35,13,3.25,275,84.62,50,3,Traps,No
Frag mine,101,192,35,2.88,0.5,75,150,25,1,Traps,No
Gas bomb,81,600,24,5.2,5,100,20,50,1,Traps,No
MFC cluster ,451,600,35,12.9,0.5,110,220,50,2,Traps,No
Plasma mine,151,192,35,4.31,0.5,300,600,75,2,Traps,No
Powder charge,76,192,35,2.17,0.5,25,50,0,1,Traps,No
Pulse mine,101,450,35,0.31,0.5,40,80,50,2,Traps,No
Satchel charge,251,384,35,7.17,0.75,125,166.66,50,4,Traps,No
Time bomb,151,1024,24,6.29,0.5,750,1500,50,1,Traps,No
Time bomb/comma high yield,401,1536,24,16.71,0.5,750,1500,50,1,Traps,No
