Name,Damage per shot,Damage per second,Rate of fire,Critical chance multiplier,Critical hit Damage,Action point cost,Damage per Action Point,Weapon Spread,Ammunition used,Magazine capacity (shots per reload),Weapon durability in shot until broken,Weapon weight,Weapon value in caps,Value to weight ratio,Skill required,Strength required,Range,Silent
.45 Auto SMG,26,286,11,0.06,26,19,5.47,2.3,.45 Auto,30,2995,11,3750,341,75,6,Close range,No
9mm SMG,14,154,11,0.06,14,20,2.8,1.5,9mm,30,2745,4,850,213,25,3,Close range,No
Vance's 9mm SMG,17,221,13,0.05,17,20,4.25,1.5,9mm,60,3745,4,1500,375,25,3,Close range,No
10mm SMG,19,171,9,0.08,19,22,2.59,2.2,10mm,30,2495,5,2370,474,50,5,Close range,No
Sleepytyme,22,220,10,0.1,22,22,4,1.7,10mm,40,2495,5,8250,1650,50,5,Close range,Yes
12.7mm SMG(GRA),36,324,9,0.08,36,24,4.5,2,12.7mm,21,2495,5,5100,1020,100,6,Close range,No
H&H Tools nail gun,9,126,14,0.12,9,20,2.7,1.4,Nails,90,2745,4,5000,1250,75,2,Close range,Yes
Silenced .22 SMG,10,110,11,0.23,20,19,2.1,2,.22LR,180,4995,8,1850,231,50,2,Close range,No
.45 Auto SMG (Modded),26,286,11,0.06,26,19,5.47,1.8,.45 Auto,50,2995,11,4250,386.4,75,6,Close range,No
9mm SMG (Modded),14,200.2,14.3,0.06,14,20,4.2,1.5,9mm,60,2745,4,2500,625,25,3,Close range,No
10mm SMG (Modded),19,171,9,0.08,19,22,2.59,1.2,10mm,40,2495,5,4470,894,50,5,Close range,No
12.7mm SMG(GRA) (Modded),36,324,9,0.08,36,24,4.5,1.6,12.7mm,27,2495,5,12700,2450,100,6,Close range,Yes
Silenced .22 SMG (Modded),10,110,11,0.23,20,19,2.1,2,.22LR,240,4995,8,2950,368.8,50,2,Close range,No
