Name,Damage per shot,Damage per second,Rate of fire,Critical chance multiplier,Critical hit Damage,Action point cost,Damage per Action Point,Weapon Spread,Ammunition used,Magazine capacity (shots per reload),Weapon durability in shot until broken,Weapon weight,Weapon value in caps,Value to weight ratio,Skill required,Strength required,Range,Silent
Anti-materiel rifle(GRA),110,49.3,0.45,1,110,65,1.7,0.015,.50 MG,8,470,20,5600,280,100,8,Mid range/commaLong range,No
Assault carbine(GRA),13,156,12,0.06,13,20,3.25,1.2,5mm,24,3950,6,3950,658,75,3,Mid range,No
Automatic rifle,40,240,6,0.18,40,35,2.28,2.5,0.308,20,995,16,4500,281,100,8,Mid range,No
Battle rifle (GRA),48,92.6,1.93,1,48,25,1.92,0.55,0.308,8,1495,9.5,1500,158,75,6,Mid range,No
This Machine,55,117.9,2.14,1,55,22,2.5,0.5,0.308,8,2995,9.5,2800,295,75,6,Mid range,No
BB gun,4,6.2,1.54,1,4,28,0.14,0.5,BB,100,245,2,36,18,0,1,Mid range,Yes
Abilene Kid LE BB gun,4,6.2,1.54,1.5,70,28,0.14,0.5,BB,100,495,2,500,250,0,1,Mid range,Yes
Brush gun,75,92.3,1.23,1,75,33,2.27,0.06,.45-70 Gov't,6,745,5,4900,980,100,6,Mid range,No
Medicine Stick,78,108,1.38,1,78,31,2.52,0.06,.45-70 Gov't,8,995,5.5,20000,3636,100,6,Mid range,No
Cowboy repeater,32,54.2,1.69,1.25,32,27,1.19,0.06,.357 Magnum,7,595,5,800,160,25,4,Mid range,No
La Longue Carabine,35,75.4,2.15,1.5,35,24,1.46,0.05,.357 Magnum,11,745,5,1500,300,25,5,Mid range,No
Hunting rifle,52,49.3,0.95,2,52,40,1.3,0.01,0.308,5,1495,6,2200,366,50,6,Mid range,No
Paciencia,55,65.1,1.18,2,110,35,1.57,0.01,0.308,3,1745,6.2,12000,1936,50,6,Mid range,No
Light machine gun,21,252,12,0.06,21,18,5.83,1.5,5.56mm,90,3995,15,5200,347,100,8,Close range/commaMid range,No
Bozar,19,285,15.01,0.05,19,18,4.22,0.75,5.56mm,30,3995,15,20000,1333,100,8,Mid range/commaLong range,No
Marksman carbine,24,136.8,5.7,1,24,14,1.71,0.04,5.56mm,20,1995,6,5200,867,100,4,Mid range/commaLong range,No
All-American,26,156,6,1,26,13,2,0.035,5.56mm,24,1995,6,5900,983,100,4,Mid range/commaLong range,No
Service rifle,18,75.6,4.2,1,18,15,1.2,0.55,5.56mm,20,1995,8.5,540,64,25,2,Mid range,No
Survivalist's rifle,48,187.2,3.9,1,48,20,2.4,0.08,12.7mm,10,2495,8.5,5400,635,75,4,Mid range,No
Sniper rifle,45,86.8,1.93,2,45,27,1.66,0.02,0.308,5,395,8,4100,513,75,6,Mid range/commaLong range,No
Christine's CoS silencer rifle,62,99.6,1.61,2.5,62,38,1.63,0.02,0.308,5,420,5.5,6100,1109,75,6,Mid range/commaLong range,Yes
Gobi Campaign scout rifle,48,102.9,2.14,2,80,24,2,0.018,0.308,6,795,4.5,6200,1378,75,6,Mid range,No
Trail carbine,48,73.8,1.5,1,48,29,1.65,0.06,.44 Magnum,8,2495,5.5,3900,709,75,5,Mid range,No
Varmint rifle,18,21.9,1.22,1,18,35,0.51,0.024,5.56mm,5,595,5.5,75,14,0,3,Mid range,No
Ratslayer,23,30,1.3,5,23,33,0.7,0.0225,5.56mm,8,995,4.5,2000,444,0,3,Mid range/commaLong range,Yes
Anti-materiel rifle(GRA) (Modded),110,59.1,0.54,1,110,65,1.7,0.015,.50 MG,8,470,13,13300,1023.1,100,8,Mid range,Yes
Assault carbine(GRA) (Modded),13,187.2,14.4,0.06,13,20,3.9,1.2,5mm,30,4995,6,8700,1450,75,3,Mid range,No
Automatic rifle (Modded),40,264,6.6,0.18,40,35,2.28,2.5,0.308,20,995,16,4750,269.9,100,8,Mid range,No
Brush gun (Modded),75,92.3,1.23,1,75,33,2.27,0.06,.45-70 Gov't,6,1120,5,6650,1330,100,6,Mid range,No
Cowboy repeater (Modded),32,65,2.03,1.25,32,27,1.19,0.06,.357 Magnum,11,595,3.5,3075,878.6,25,4,Mid range,No
Hunting rifle (Modded),52,65.7,1.26,2,52,40,1.3,0.01,0.308,10,1495,6,6300,1050,50,6,Mid range,No
Light machine gun (Modded),21,252,12,0.06,21,18,5.83,1.5,5.56mm,200,3995,15,8400,560,100,8,Close range/commaMid range,No
Service rifle (Modded),18,98.3,5.46,1,18,15,1.2,0.55,5.56mm,20,2995,8.5,2040,64,25,2,Mid range,No
Sniper rifle (Modded),45,86.8,1.93,2,45,27,1.66,0.02,0.308,5,395,3,7400,2466.7,75,6,Mid range/commaLong range,Yes
Trail carbine (Modded),48,73.8,1.5,1,48,29,1.65,0.06,.44 Magnum,8,2495,5.5,3900,709,75,5,Mid range/commaLong range,No
Varmint rifle (Modded),18,21.9,1.22,1,18,35,0.51,0.024,5.56mm,8,595,4.5,375,68.2,0,3,Mid range/commaLong range,Yes
