Name,Damage per shot,Damage per second,Rate of fire,Critical chance multiplier,Critical hit Damage,Action point cost,Damage per Action Point,Weapon durability in shot until broken,Weapon weight,Weapon value in caps,Value to weight ratio,Skill required,Strength required,Range,Silent
Bowie knife,23,79.6,3.46,1.5,35,20,2.3,495,1,1000,1000,75,3,Close range,Yes
Blood-Nap,30,110.8,3.69,1.5,45,17,3.5,495,1,2000,2000,50,4,Close range,Yes
Bumper sword,32,45.5,1.42,1,32,38,1.68,1495,12,2500,208,50,8,Close range,Yes
Blade of the East,85,104.6,1.58,1,30,35,4.3,3995,12,45,3.8,100,9,Close range,Yes
Blade of the West,60,127.9,2.13,1.5,30,29,4.1,745,12,5700,475,100,9,Close range,Yes
Chainsaw(GRA),80,80,1,1,8,65,2.5,7995,20,2800,140,75,7,Close range,No
Cleaver,7,17.8,2.54,1,7,22,0.6,1245,2,20,10,0,2,Close range,Yes
Chopper,14,54.9,3.92,2,14,22,1.3,1245,2,800,400,0,2,Close range,Yes
Combat knife,15,48.5,3.23,2,15,17,1.8,445,1,500,500,50,3,Close range,Yes
Chance's knife,22,91.4,4.15,2,22,17,2.6,445,1,900,900,50,3,Close range,Yes
Cosmic knife,12,36,3,1,12,20,1.2,745,1,35,35,0,1,Close range,Yes
Cosmic knife clean,15,45,3,1.2,15,20,1.5,995,1,50,50,0,1,Close range,Yes
Cosmic knife super-heated,14,42,3,5,14,20,1.4,745,1,50,50,0,1,Close range,Yes
Fire axe,55,86.8,1.58,1,27,22,5,995,8,2500,313,75,5,Close range,Yes
Knock-Knock,66,118.8,1.8,1,33,21,6.3,545,8,3200,400,75,5,Close range,Yes
Hatchet,16,40.6,2.54,1,16,22,1.5,1495,2,75,37.5,25,2,Close range,Yes
Katana,22,71.1,3.23,2,22,21,2.1,995,3,2500,833,75,4,Close range,Yes
Knife,8,24,3,1,8,20,0.8,745,1,20,20,0,1,Close range,Yes
Knife spear,20,37.9,1.89,1,20,35,1.1,1995,3,55,18.3,25,2,Close range,Yes
Knife spear clean,25,47.4,1.89,1.2,25,35,1.4,1995,3,55,18.3,25,2,Close range,Yes
Machete,11,33,3,1.5,11,20,1.1,245,2,50,25,25,3,Close range,Yes
Broad machete,15,48.5,3.23,2,15,17,1.8,370,1,75,75,0,3,Close range,Yes
Liberator,18,62.3,3.46,3,18,18,2,370,2,1000,500,25,3,Close range,Yes
Machete gladius,28,84,3,1.5,28,20,2.8,370,2,1000,500,25,4,Close range,Yes
Proton axe,50,90.8,1.82,1,25,22,4.5,995,8,3500,437.5,50,5,Close range,Yes
Protonic inversal axe,58,105.3,1.82,1,45,25,4.6,1245,8,4000,500,55,5,Close range,Yes
Ripper(GRA),50,50,1,1,5,65,1.5,5995,6,1200,200,50,3,Close range,No
Shishkebab,50,94.3,2.31,2,20,28,3.2,2495,3,2500,833.3,75,6,Close range,Yes
Gehenna,77,121.3,2.77,2,21,25,4.4,1995,3,12000,4000,75,6,Close range,Yes
Straight razor,5,18.5,3.69,2,10,18,0.6,370,1,35,35,0,1,Close range,Yes
Figaro,8,33.2,4.15,4,16,17,0.9,445,1,400,400,0,1,Close range,Yes
Switchblade,7,14,2,2,11,18,0.8,495,1,35,35,25,1,Close range,Yes
Thermic lance,100,100,1,1,10,65,3.1,9995,20,5500,275,100,7,Close range,No
Chainsaw(GRA) (Modded),95,95,1,1,8,65,2.9,11995,12,7300,608.3,75,7,Close range,No
Katana (Modded),27,104.7,3.88,2,22,21,2.1,1495,3,5300,1766.7,75,4,Close range,Yes
Ripper(GRA) (Modded),60,60,1,1,5,65,1.8,8995,6,3900,650,50,3,Close range,No
