Name,Damage per shot,Damage per second,Rate of fire,Critical chance multiplier,Critical hit Damage,Action point cost,Damage per Action Point,Weapon durability in shot until broken,Weapon weight,Weapon value in caps,Value to weight ratio,Skill required,Strength required,Range,Silent
9 iron,17,40.3,2.37,1,17,22,1.5,295,3,55,18,25,2,Close range,Yes
Nephi's golf driver,30,71.1,2.37,1.2,30,21,2.9,245,1,500,500,25,2,Close range,Yes
Baseball bat(GRA),22,36.3,1.65,1,22,25,1.8,1995,3,250,83.3,25,4,Close range,Yes
Cattle prod,5,11.5,2.3,2,5,28,0.36,2495,3,450,150,75,4,Close range,Yes
Dress cane,22,50.8,2.3,1,35,27,1.63,245,3,40,13.3,50,2,Close range,Yes
Lead pipe,22,55.8,2.54,1,22,24,1.8,245,3,75,25,50,5,Close range,Yes
The Humble Cudgel,26,72,2.77,1,26,21,2.5,370,3,350,116.7,50,5,Close range,Yes
Nail board,25,35.5,1.4,0,25,27,1.85,295,4,250,62.5,25,7,Close range,Yes
Pool cue,15,22.5,1.5,0,15,27,1.1,245,1,15,15,0,2,Close range,Yes
Old Glory,45,85.3,1.89,1.5,80,22,4.1,1245,8,2500,312.5,50,7,Close range,Yes
Police baton,10,27.7,2.8,1,10,23,0.87,1245,2,70,35,0,1,Close range,Yes
Rebar club,42,50.4,1.2,0.5,24,40,2.1,1245,9,500,56,50,9,Close range,Yes
Nuka-Breaker,50,75.8,1.52,2,50,35,2.86,995,8,7800,975,50,9,Close range,Yes
Rolling pin,3,5.2,1.7,0,8,24,0.25,495,1,10,10,0,2,Close range,Yes
Shovel,12,20.8,1.7,3,20,28,0.86,1495,3,55,18,0,3,Close range,Yes
Sledgehammer,24,45.5,1.9,1,24,38,1.26,745,12,130,11,50,7,Close range,Yes
Super sledge,70,105,1.5,1,35,38,3.68,495,20,5800,290,100,8,Close range,No
Oh/comma Baby!,80,138.9,1.74,1,40,35,4.57,495,20,6200,310,100,8,Close range,No
Tire iron,15,34.6,2.3,1,15,27,1.11,995,3,40,13,0,3,Close range,Yes
War club,19,57,3,1,19,21,1.81,995,3,75,25,25,2,Close range,Yes
X-2 antenna,65,70.4,1.1,1,23,22,5.91,620,15,6000,400,75,7,Close range,No
Baseball bat(GRA) (Modded),28,55.4,1.98,1,22,25,2.2,2995,3,1240,413.3,25,4,Close range,Yes
War club (Modded),24,90,3.75,1,19,21,2.3,995,3,575,191.7,25,2,Close range,Yes
