Name,Damage per shot,Damage per second,Rate of fire,Critical chance multiplier,Critical hit Damage,Action point cost,Damage per Action Point,Weapon Spread,Weapon weight,Weapon value in caps,Value to weight ratio,Skill required,Strength required,Range,Silent
Proton throwing axe,40,32.2,0.8,1,29,20,5.5,0,1,100,100,25,1,Close range/commaMid range,Yes
Protonic inversal throwing axe,60,52.7,0.88,1,29,22,5.5,0,1,200,200,25,1,Close range/commaMid range,Yes
Throwing hatchet,20,17.6,0.88,1,20,22,1.8,0,2,20,10,25,1,Close range/commaMid range,Yes
Throwing knife,15,48.2,3.2,2,15,20,1.5,0,0.5,20,40,0,1,Close range/commaMid range,Yes
Throwing knife spear,42,20.2,0.48,1,42,28,3,0,0.65,25,38.5,25,1,Close range/commaMid range,Yes
Throwing spear,50,30,0.6,1,50,24,4.2,0,0.5,25,50,25,1,Close range/commaMid range,Yes
Tomahawk,30,19.8,0.66,1,30,23,2.6,0,0.5,75,37.5,50,3,Close range/commaMid range,Yes
