Name,Damage per shot,Damage per second,Rate of fire,Critical chance multiplier,Critical hit Damage,Action point cost,Damage per Action Point,Weapon durability in shot until broken,Weapon weight,Weapon value in caps,Value to weight ratio,Skill required,Strength required,Range,Silent
Ballistic fist,80,87.3,1.09,1,80,28,5.7,395,6,7800,1300,100,9,Close range,No
Two-Step Goodbye,70,76.4,1.09,4,185,28,5,395,6,20000,3333,100,9,Close range,No
Bear trap fist,27,29.5,1.09,1,27,28,1.9,395,6,800,150,50,5,Close range,No
Bladed gauntlet,25,39.1,1.57,2,40,26,1.9,295,10,200,20,25,5,Close range,No
Cram Opener,28,47.5,1.7,2,44,26,2.2,370,10,800,80,25,5,Close range,Yes
Boxing gloves,1,1.3,1.26,1,1,28,0.1,995,6,100,16.7,0,1,Close range,No
Golden Gloves,1,1.3,1.26,2,1,28,0.1,1245,6,100,16.7,0,1,Close range,No
Boxing tape,4,5.1,1.26,1,4,28,0.3,2495,0.25,100,400,0,1,Close range,No
Brass knuckles,18,36.9,2.05,1,18,18,2,995,1,120,120,25,2,Close range,No
Displacer glove,50,68.2,1.36,1,50,28,3.6,495,6,3500,583.3,100,4,Close range,No
Pushy,60,88.4,1.47,1,60,28,4.3,595,6,4200,700,100,2,Close range,No
Dog tag fist,20,31.6,1.58,1,20,35,1.1,495,3,50,16.7,0,1,Close range,Yes
Recompense of the Fallen,25,47.4,1.89,1,25,35,1.4,745,3,250,83.3,0,1,Close range,Yes
Fist of (the North) Rawr,50,97.8,1.96,2,75,24,4.17,445,10,6200,620,100,6,Close range,Yes
Industrial hand ,50,160,3.2,1,40,65,1.5,7995,10,2500,250,75,7,Close range,No
Mantis gauntlet,30,60.7,2.02,3,30,22,2.7,245,10,750,75,75,4,Close range,No
Embrace of the Mantis King!,42,65.7,1.57,3,64,25,3.4,395,12,8500,708.3,75,4,Close range,Yes
Power fist(GRA),40,43.6,1.09,1,40,28,2.9,395,6,800,133.3,50,5,Close range,No
Saturnite fist,35,63,1.8,1,35,25,2.8,795,4,1600,400,45,4,Close range,No
Saturnite fist super-heated,55,90.8,1.65,1,65,25,4.4,595,4,2400,600,55,5,Close range,No
Greased Lightning,32,96,3,1,32,28,2.3,995,6,15000,2500,50,5,Close range,No
Salt-Upon-Wounds' power fist,75,64.4,1.36,1,45,25,4.8,495,6,2500,416.6,50,6,Close range,No
Scientist glove,21,28.6,1.36,1.5,5,28,1.5,245,2,500,250,25,2,Close range,No
Corrosive glove,21,22.9,1.09,1,25,28,1.5,745,4,1500,375,55,2,Close range,No
Sterilizer glove,21,28.6,1.36,1,15,28,1.5,995,3,1500,500,55,2,Close range,No
Dr. Klein's glove,34,46.4,1.36,1,5,18,3.8,495,4,2500,625,45,3,Close range,No
Dr. Mobius' glove,28,38.2,1.36,2,5,15,3.7,495,3,3500,1166,35,2,Close range,No
Spiked knuckles,25,59.2,2.37,1,25,19,2.6,1495,1,500,500,50,3,Close range,Yes
Love and Hate,30,75.8,2.53,1,30,19,3.2,1495,1,750,750,50,3,Close range,Yes
Yao guai gauntlet ,20,32.6,1.63,2.5,30,22,1.8,2995,10,150,15,50,4,Close range,Yes
She's Embrace ,25,44,1.76,3,37,20,2.5,4495,10,420,42,50,4,Close range,Yes
Zap glove,35,57.3,1.64,1,35,28,2.5,495,6,5200,866.7,75,4,Close range,No
Paladin Toaster,41,67.1,1.64,1,41,28,2.9,395,6,6800,1133.3,75,4,Close range,No
Bear trap fist (Modded),30,32.7,1.09,1,27,28,2.1,395,6,1050,175,50,5,Close range,No
Power fist(GRA) (Modded),48,62.8,1.31,1,40,28,3.4,795,6,4900,816.7,50,5,Close range,No
